-- phpMyAdmin SQL Dump
-- version 4.7.7
-- https://www.phpmyadmin.net/
--
-- Хост: 127.0.0.1:3306
-- Время создания: Мар 01 2019 г., 13:30
-- Версия сервера: 5.6.38
-- Версия PHP: 5.6.32

SET SQL_MODE = "NO_AUTO_VALUE_ON_ZERO";
SET AUTOCOMMIT = 0;
START TRANSACTION;
SET time_zone = "+00:00";


/*!40101 SET @OLD_CHARACTER_SET_CLIENT=@@CHARACTER_SET_CLIENT */;
/*!40101 SET @OLD_CHARACTER_SET_RESULTS=@@CHARACTER_SET_RESULTS */;
/*!40101 SET @OLD_COLLATION_CONNECTION=@@COLLATION_CONNECTION */;
/*!40101 SET NAMES utf8mb4 */;

--
-- База данных: `anketa`
--

-- --------------------------------------------------------

--
-- Структура таблицы `carriers`
--

DROP TABLE IF EXISTS `carriers`;
CREATE TABLE `carriers` (
  `id` int(11) NOT NULL,
  `name` text NOT NULL,
  `caterogy` enum('Документы кадрового и бухгалерского учета','Остальные носители персональных данных') NOT NULL
) ENGINE=InnoDB DEFAULT CHARSET=utf8 COMMENT='Перечень материальных носителей по-умолчанию';

--
-- Дамп данных таблицы `carriers`
--

INSERT INTO `carriers` (`id`, `name`, `caterogy`) VALUES
(1, 'Приказ (распоряжение) о приеме работника на работу (Форма N Т-1)', 'Документы кадрового и бухгалерского учета'),
(2, 'Личная карточка работника (Форма N Т-2)', 'Документы кадрового и бухгалерского учета'),
(3, 'Штатное расписание (Форма N Т-3)', 'Документы кадрового и бухгалерского учета'),
(4, 'Учетная карточка научного, научно-педагогического работника (Форма N Т-4)', 'Документы кадрового и бухгалерского учета'),
(5, 'Приказ (распоряжение) о переводе работника на другую работу (Форма N Т-5)', 'Документы кадрового и бухгалерского учета'),
(6, 'Приказ (распоряжение) о предоставлении отпуска работнику (Форма N Т-6)', 'Документы кадрового и бухгалерского учета'),
(7, 'График отпусков (Форма N Т-7)', 'Документы кадрового и бухгалерского учета'),
(8, 'Приказ (распоряжение) о прекращении действия трудового договора (контракта) с работником (Форма N Т-8)', 'Документы кадрового и бухгалерского учета'),
(9, 'Приказ (распоряжение) о направлении работника в командировку (Форма N Т-9)', 'Документы кадрового и бухгалерского учета'),
(10, 'Командировочное удостоверение (Форма N Т-10)', 'Документы кадрового и бухгалерского учета'),
(11, 'Служебное задание для направления в командировку и отчет о его выполнении (Форма N Т-10а)', 'Документы кадрового и бухгалерского учета'),
(12, 'Приказ (распоряжение) о поощрении работника (Форма N Т-11)', 'Документы кадрового и бухгалерского учета'),
(13, 'Табель учета использования рабочего времени и расчета заработной платы (Форма N Т-12)', 'Документы кадрового и бухгалерского учета'),
(14, 'Табель учета использования рабочего времени (Форма N Т-13)', 'Документы кадрового и бухгалерского учета'),
(15, 'Расчетно-платежная ведомость (Форма N Т-49)', 'Документы кадрового и бухгалерского учета'),
(16, 'Расчетная ведомость (Форма N Т-51)', 'Документы кадрового и бухгалерского учета'),
(17, 'Платежная ведомость (Форма N Т-53)', 'Документы кадрового и бухгалерского учета'),
(18, 'Лицевой счет (Форма N Т-54)', 'Документы кадрового и бухгалерского учета'),
(19, 'Записка-расчет о предоставлении отпуска работнику (Форма N Т-60)', 'Документы кадрового и бухгалерского учета'),
(20, 'Записка-расчет при прекращении действия трудового договора (контракта) с работником (Форма N Т-61)', 'Документы кадрового и бухгалерского учета'),
(21, 'Акт о приемке работ, выполненных по трудовому договору (контракту), заключенному на время выполнения определенной работы (Форма N Т-73)', 'Документы кадрового и бухгалерского учета'),
(22, 'Анкета клиента', 'Остальные носители персональных данных');

-- --------------------------------------------------------

--
-- Структура таблицы `carriers_data_default`
--

DROP TABLE IF EXISTS `carriers_data_default`;
CREATE TABLE `carriers_data_default` (
  `carrier_id` int(11) NOT NULL,
  `data_id` int(11) NOT NULL
) ENGINE=InnoDB DEFAULT CHARSET=utf8 COMMENT='Какие данные по умолчанию';

--
-- Дамп данных таблицы `carriers_data_default`
--

INSERT INTO `carriers_data_default` (`carrier_id`, `data_id`) VALUES
(1, 1),
(1, 19),
(1, 20),
(1, 28),
(1, 29),
(2, 1),
(2, 2),
(2, 3),
(2, 4),
(2, 5),
(2, 9),
(2, 10),
(2, 11),
(2, 18),
(2, 19),
(2, 20),
(2, 24),
(2, 28),
(2, 29),
(2, 30),
(2, 33),
(3, 1),
(3, 19),
(3, 20),
(3, 28),
(3, 29),
(4, 1),
(4, 2),
(4, 3),
(4, 4),
(4, 7),
(4, 18),
(4, 19),
(4, 28),
(4, 29),
(4, 31),
(5, 1),
(5, 19),
(5, 28),
(5, 29),
(6, 1),
(6, 19),
(6, 28),
(6, 29),
(7, 1),
(7, 19),
(7, 28),
(7, 29),
(8, 1),
(8, 19),
(8, 28),
(8, 29),
(9, 1),
(9, 19),
(9, 28),
(9, 29),
(9, 45),
(10, 1),
(10, 2),
(10, 3),
(10, 19),
(10, 28),
(10, 29),
(10, 45),
(11, 1),
(11, 19),
(11, 28),
(11, 29),
(11, 45),
(12, 1),
(12, 19),
(12, 28),
(12, 29),
(13, 1),
(13, 19),
(13, 20),
(13, 27),
(13, 28),
(13, 29),
(14, 1),
(14, 19),
(14, 28),
(14, 29),
(15, 1),
(15, 19),
(15, 20),
(15, 23),
(15, 28),
(15, 29),
(16, 1),
(16, 19),
(16, 20),
(16, 23),
(16, 28),
(16, 29),
(17, 1),
(17, 28),
(17, 29),
(18, 1),
(18, 9),
(18, 10),
(18, 11),
(18, 19),
(18, 20),
(18, 23),
(18, 24),
(18, 27),
(18, 28),
(18, 29),
(19, 1),
(19, 19),
(19, 28),
(19, 29),
(20, 1),
(20, 19),
(20, 28),
(20, 29),
(21, 1),
(21, 20),
(21, 28),
(22, 1),
(22, 4),
(22, 7),
(22, 8);

-- --------------------------------------------------------

--
-- Структура таблицы `carrier_data`
--

DROP TABLE IF EXISTS `carrier_data`;
CREATE TABLE `carrier_data` (
  `id` int(11) NOT NULL,
  `name` text NOT NULL
) ENGINE=InnoDB DEFAULT CHARSET=utf8 COMMENT='Даныне носителя';

--
-- Дамп данных таблицы `carrier_data`
--

INSERT INTO `carrier_data` (`id`, `name`) VALUES
(1, 'Фамилия, имя, отчество'),
(2, 'Тип, серия и номер документа, удостоверяющего личность'),
(3, 'Дата выдачи документа, удостоверяющего личность, и информация о выдавшем его органе'),
(4, 'Дата рождения'),
(5, 'Место рождения'),
(6, 'Адрес регистрации'),
(7, 'Номер контактного телефона'),
(8, 'Адрес электронной почты'),
(9, 'Идентификационный номер налогоплательщика'),
(10, 'Номер страхового свидетельства государственного пенсионного страхования'),
(11, 'Семейное положение'),
(12, 'Состояние здоровья'),
(13, 'Данные о зрении'),
(14, 'Национальная принадлежность'),
(15, 'Расовая принадлежность'),
(16, 'Фотография'),
(17, 'Дактилоскопические данные'),
(18, 'Образование'),
(19, 'Профессия'),
(20, 'Доходы'),
(21, 'Страховые взносы на ОПС'),
(22, 'Страховые взносы на ОМС'),
(23, 'Налоговые вычеты'),
(24, 'Льготные выплаты'),
(25, 'Выход на пенсию'),
(26, 'Дополнительные страховые взносы на накопительную часть пенсии'),
(27, 'Временная нетрудоспособность'),
(28, 'Должность'),
(29, 'Табельный номер'),
(30, 'Трудовой стаж'),
(31, 'Ученая степень, звание'),
(32, 'Научно-педагогический стаж'),
(33, 'Сведения о воинском учете'),
(34, 'Сведения о пребывании за границей'),
(35, 'Имущественное положение'),
(36, 'Социальное положение'),
(37, 'Религиозные убеждения'),
(38, 'Данные о социальных льготах'),
(39, 'Данные полиса ОМС'),
(40, 'Политические взгляды'),
(41, 'Философские убеждения'),
(42, 'Состояние интимной жизни'),
(43, 'Сведения о приобретенных товарах'),
(44, 'Сведения об оказанных услугах'),
(45, 'Адрес');

-- --------------------------------------------------------

--
-- Структура таблицы `company`
--

DROP TABLE IF EXISTS `company`;
CREATE TABLE `company` (
  `id` int(11) NOT NULL,
  `short_company` varchar(255) DEFAULT NULL COMMENT 'Краткое наименование компании',
  `full_company` varchar(255) DEFAULT NULL COMMENT 'Полное наименование компании',
  `u_adress` text COMMENT 'Юридический адрес',
  `inn` varchar(255) DEFAULT NULL COMMENT 'ИНН',
  `ogrn` varchar(255) NOT NULL COMMENT 'ОГРН',
  `date_open_firm` date DEFAULT NULL COMMENT 'Дата создания компании',
  `position` varchar(255) DEFAULT NULL COMMENT 'Должность руководителя',
  `name_ceo` varchar(255) DEFAULT NULL COMMENT 'ФИО Руководителя',
  `okved` varchar(255) DEFAULT NULL COMMENT 'Основной ОКВЭД',
  `type_ul` varchar(200) DEFAULT NULL COMMENT 'Тип юридического лица',
  `position_1` text COMMENT 'Должность кадровика',
  `name_person_1` text COMMENT 'ФИО Кадровика',
  `position_2` text COMMENT 'Должность ИТ-Специалиста',
  `name_person_2` text COMMENT 'ФИО ИТ-Специалиста',
  `tel` varchar(20) DEFAULT NULL COMMENT 'Телефон кадровика',
  `email` varchar(30) DEFAULT NULL COMMENT 'Электронная почта кадровика',
  `secure_tools_1` text NOT NULL COMMENT 'Средства защиты информации от несанкционированного доступа',
  `secure_tools_2` text NOT NULL COMMENT 'Средства регистрации и учета событий',
  `secure_tools_3` text NOT NULL COMMENT 'Средства антивирусной защиты',
  `secure_tools_4` text NOT NULL COMMENT 'Средства резервного копирования и восстановления информации',
  `secure_tools_5` text NOT NULL COMMENT 'Межсетевые экраны и криптографические шлюзы',
  `secure_tools_6` text NOT NULL COMMENT 'Средства криптографической защиты информации, наименование, регистрационные номера и производителии',
  `secure_tools_7` text NOT NULL COMMENT 'Средства обнаружения и предотвращения вторжений',
  `secure_tools_8` text NOT NULL COMMENT 'Средства анализа защищенности',
  `position_massive` text NOT NULL COMMENT 'Допуск работников',
  `reg_num` varchar(150) DEFAULT NULL,
  `worker_count` varchar(100) NOT NULL,
  `internet_allow` varchar(50) NOT NULL COMMENT 'передаются ли данные по сети интернет',
  `local_allow` varchar(100) DEFAULT NULL COMMENT 'данные передаются по локальной сети',
  `base_owner` varchar(50) DEFAULT NULL,
  `base_uradress` varchar(100) DEFAULT NULL COMMENT 'адрес центра обработки данных ',
  `base_owner_shortname` varchar(200) DEFAULT NULL COMMENT 'Наименование организации владельца ЦОД',
  `base_owner_ogrn` varchar(100) DEFAULT NULL COMMENT 'ОГРН владельца ЦОД',
  `base_owner_inn` varchar(100) DEFAULT NULL COMMENT 'ИНН владельца ЦОД',
  `base_owner_uradress` varchar(200) DEFAULT NULL COMMENT 'Юридический адрес владельца ЦОД'
) ENGINE=InnoDB DEFAULT CHARSET=utf8 COMMENT='Компании';

--
-- Дамп данных таблицы `company`
--

INSERT INTO `company` (`id`, `short_company`, `full_company`, `u_adress`, `inn`, `ogrn`, `date_open_firm`, `position`, `name_ceo`, `okved`, `type_ul`, `position_1`, `name_person_1`, `position_2`, `name_person_2`, `tel`, `email`, `secure_tools_1`, `secure_tools_2`, `secure_tools_3`, `secure_tools_4`, `secure_tools_5`, `secure_tools_6`, `secure_tools_7`, `secure_tools_8`, `position_massive`, `reg_num`, `worker_count`, `internet_allow`, `local_allow`, `base_owner`, `base_uradress`, `base_owner_shortname`, `base_owner_ogrn`, `base_owner_inn`, `base_owner_uradress`) VALUES
(1, 'МБОУ \"ШИООО\" С. ХАЛЯСАВЭЙ', 'МУНИЦИПАЛЬНОЕ БЮДЖЕТНОЕ ОБЩЕОБРАЗОВАТЕЛЬНОЕ УЧРЕЖДЕНИЕ \"ШКОЛА-ИНТЕРНАТ ОСНОВНОГО ОБЩЕГО ОБРАЗОВАНИЯ\" С. ХАЛЯСАВЭЙ ПУРОВСКОГО РАЙОНА', '629864, Ямало-Ненецкий а.о.,с, район Пуровский, улица Ненецкая, дом 1', '8911013601', '1047855034370', '1994-10-24', 'Директор', 'Шестакова Эльвира Геннадьевна', '85.13 образование основное общее', 'Муниципальный орган', 'Специалист по кадрам', 'Иванова Марина Владимировна', 'Учитель информатики', 'Никифорова Елена Сергеевна', '+79924079077', 'halyasavei_int@mail.ru', 'СЗИ от НСД Dallas Lock 8.0-С', 'Встроенные средства операционной системы для регистрации и учета событий', 'Kaspersky Endpoint Security-10 для Windows', '', 'Встроенные средства операционной системы для межсетевого экранирования', 'ViPNet Client 3.2,  КриптоПро CSP  ГОСТ Р 34.10-2001', '', '', '[\"\\u0421\\u043f\\u0435\\u0446\\u0438\\u0430\\u043b\\u0438\\u0441\\u0442 \\u043f\\u043e \\u043a\\u0430\\u0434\\u0440\\u0430\\u043c\",\"\\u0421\\u0435\\u043a\\u0440\\u0435\\u0442\\u0430\\u0440\\u044c \\u0440\\u0443\\u043a\\u043e\\u0432\\u043e\\u0434\\u0438\\u0442\\u0435\\u043b\\u044f\"]', 'ROSSERT.RU.2812.7810002792', 'до 100000', 'Данные передаются по сети интернет', '', 'Да', NULL, 'w', '', '', '');

-- --------------------------------------------------------

--
-- Структура таблицы `company_carriers`
--

DROP TABLE IF EXISTS `company_carriers`;
CREATE TABLE `company_carriers` (
  `company_id` int(11) NOT NULL,
  `json_data` text NOT NULL
) ENGINE=InnoDB DEFAULT CHARSET=utf8 COMMENT='Материальные носители';

--
-- Дамп данных таблицы `company_carriers`
--

INSERT INTO `company_carriers` (`company_id`, `json_data`) VALUES
(1, '{\"\\u041f\\u0440\\u0438\\u043a\\u0430\\u0437 (\\u0440\\u0430\\u0441\\u043f\\u043e\\u0440\\u044f\\u0436\\u0435\\u043d\\u0438\\u0435) \\u043e \\u043f\\u0440\\u0438\\u0435\\u043c\\u0435 \\u0440\\u0430\\u0431\\u043e\\u0442\\u043d\\u0438\\u043a\\u0430 \\u043d\\u0430 \\u0440\\u0430\\u0431\\u043e\\u0442\\u0443 (\\u0424\\u043e\\u0440\\u043c\\u0430 N \\u0422-1)\":{\"name\":\"\\u041f\\u0440\\u0438\\u043a\\u0430\\u0437 (\\u0440\\u0430\\u0441\\u043f\\u043e\\u0440\\u044f\\u0436\\u0435\\u043d\\u0438\\u0435) \\u043e \\u043f\\u0440\\u0438\\u0435\\u043c\\u0435 \\u0440\\u0430\\u0431\\u043e\\u0442\\u043d\\u0438\\u043a\\u0430 \\u043d\\u0430 \\u0440\\u0430\\u0431\\u043e\\u0442\\u0443 (\\u0424\\u043e\\u0440\\u043c\\u0430 N \\u0422-1)\",\"place\":\"\",\"data\":[\"\\u0424\\u0430\\u043c\\u0438\\u043b\\u0438\\u044f, \\u0438\\u043c\\u044f, \\u043e\\u0442\\u0447\\u0435\\u0441\\u0442\\u0432\\u043e\",\"\\u041f\\u0440\\u043e\\u0444\\u0435\\u0441\\u0441\\u0438\\u044f\",\"\\u0414\\u043e\\u0445\\u043e\\u0434\\u044b\",\"\\u0414\\u043e\\u043b\\u0436\\u043d\\u043e\\u0441\\u0442\\u044c\",\"\\u0422\\u0430\\u0431\\u0435\\u043b\\u044c\\u043d\\u044b\\u0439 \\u043d\\u043e\\u043c\\u0435\\u0440\"]},\"\\u041b\\u0438\\u0447\\u043d\\u0430\\u044f \\u043a\\u0430\\u0440\\u0442\\u043e\\u0447\\u043a\\u0430 \\u0440\\u0430\\u0431\\u043e\\u0442\\u043d\\u0438\\u043a\\u0430 (\\u0424\\u043e\\u0440\\u043c\\u0430 N \\u0422-2)\":{\"name\":\"\\u041b\\u0438\\u0447\\u043d\\u0430\\u044f \\u043a\\u0430\\u0440\\u0442\\u043e\\u0447\\u043a\\u0430 \\u0440\\u0430\\u0431\\u043e\\u0442\\u043d\\u0438\\u043a\\u0430 (\\u0424\\u043e\\u0440\\u043c\\u0430 N \\u0422-2)\",\"place\":\"\",\"data\":[\"\\u0424\\u0430\\u043c\\u0438\\u043b\\u0438\\u044f, \\u0438\\u043c\\u044f, \\u043e\\u0442\\u0447\\u0435\\u0441\\u0442\\u0432\\u043e\",\"\\u0422\\u0438\\u043f, \\u0441\\u0435\\u0440\\u0438\\u044f \\u0438 \\u043d\\u043e\\u043c\\u0435\\u0440 \\u0434\\u043e\\u043a\\u0443\\u043c\\u0435\\u043d\\u0442\\u0430, \\u0443\\u0434\\u043e\\u0441\\u0442\\u043e\\u0432\\u0435\\u0440\\u044f\\u044e\\u0449\\u0435\\u0433\\u043e \\u043b\\u0438\\u0447\\u043d\\u043e\\u0441\\u0442\\u044c\",\"\\u0414\\u0430\\u0442\\u0430 \\u0432\\u044b\\u0434\\u0430\\u0447\\u0438 \\u0434\\u043e\\u043a\\u0443\\u043c\\u0435\\u043d\\u0442\\u0430, \\u0443\\u0434\\u043e\\u0441\\u0442\\u043e\\u0432\\u0435\\u0440\\u044f\\u044e\\u0449\\u0435\\u0433\\u043e \\u043b\\u0438\\u0447\\u043d\\u043e\\u0441\\u0442\\u044c, \\u0438 \\u0438\\u043d\\u0444\\u043e\\u0440\\u043c\\u0430\\u0446\\u0438\\u044f \\u043e \\u0432\\u044b\\u0434\\u0430\\u0432\\u0448\\u0435\\u043c \\u0435\\u0433\\u043e \\u043e\\u0440\\u0433\\u0430\\u043d\\u0435\",\"\\u0414\\u0430\\u0442\\u0430 \\u0440\\u043e\\u0436\\u0434\\u0435\\u043d\\u0438\\u044f\",\"\\u041c\\u0435\\u0441\\u0442\\u043e \\u0440\\u043e\\u0436\\u0434\\u0435\\u043d\\u0438\\u044f\",\"\\u0418\\u0434\\u0435\\u043d\\u0442\\u0438\\u0444\\u0438\\u043a\\u0430\\u0446\\u0438\\u043e\\u043d\\u043d\\u044b\\u0439 \\u043d\\u043e\\u043c\\u0435\\u0440 \\u043d\\u0430\\u043b\\u043e\\u0433\\u043e\\u043f\\u043b\\u0430\\u0442\\u0435\\u043b\\u044c\\u0449\\u0438\\u043a\\u0430\",\"\\u041d\\u043e\\u043c\\u0435\\u0440 \\u0441\\u0442\\u0440\\u0430\\u0445\\u043e\\u0432\\u043e\\u0433\\u043e \\u0441\\u0432\\u0438\\u0434\\u0435\\u0442\\u0435\\u043b\\u044c\\u0441\\u0442\\u0432\\u0430 \\u0433\\u043e\\u0441\\u0443\\u0434\\u0430\\u0440\\u0441\\u0442\\u0432\\u0435\\u043d\\u043d\\u043e\\u0433\\u043e \\u043f\\u0435\\u043d\\u0441\\u0438\\u043e\\u043d\\u043d\\u043e\\u0433\\u043e \\u0441\\u0442\\u0440\\u0430\\u0445\\u043e\\u0432\\u0430\\u043d\\u0438\\u044f\",\"\\u0421\\u0435\\u043c\\u0435\\u0439\\u043d\\u043e\\u0435 \\u043f\\u043e\\u043b\\u043e\\u0436\\u0435\\u043d\\u0438\\u0435\",\"\\u041e\\u0431\\u0440\\u0430\\u0437\\u043e\\u0432\\u0430\\u043d\\u0438\\u0435\",\"\\u041f\\u0440\\u043e\\u0444\\u0435\\u0441\\u0441\\u0438\\u044f\",\"\\u0414\\u043e\\u0445\\u043e\\u0434\\u044b\",\"\\u041b\\u044c\\u0433\\u043e\\u0442\\u043d\\u044b\\u0435 \\u0432\\u044b\\u043f\\u043b\\u0430\\u0442\\u044b\",\"\\u0414\\u043e\\u043b\\u0436\\u043d\\u043e\\u0441\\u0442\\u044c\",\"\\u0422\\u0430\\u0431\\u0435\\u043b\\u044c\\u043d\\u044b\\u0439 \\u043d\\u043e\\u043c\\u0435\\u0440\",\"\\u0422\\u0440\\u0443\\u0434\\u043e\\u0432\\u043e\\u0439 \\u0441\\u0442\\u0430\\u0436\",\"\\u0421\\u0432\\u0435\\u0434\\u0435\\u043d\\u0438\\u044f \\u043e \\u0432\\u043e\\u0438\\u043d\\u0441\\u043a\\u043e\\u043c \\u0443\\u0447\\u0435\\u0442\\u0435\"]},\"\\u0428\\u0442\\u0430\\u0442\\u043d\\u043e\\u0435 \\u0440\\u0430\\u0441\\u043f\\u0438\\u0441\\u0430\\u043d\\u0438\\u0435 (\\u0424\\u043e\\u0440\\u043c\\u0430 N \\u0422-3)\":{\"name\":\"\\u0428\\u0442\\u0430\\u0442\\u043d\\u043e\\u0435 \\u0440\\u0430\\u0441\\u043f\\u0438\\u0441\\u0430\\u043d\\u0438\\u0435 (\\u0424\\u043e\\u0440\\u043c\\u0430 N \\u0422-3)\",\"place\":\"\",\"data\":[\"\\u0424\\u0430\\u043c\\u0438\\u043b\\u0438\\u044f, \\u0438\\u043c\\u044f, \\u043e\\u0442\\u0447\\u0435\\u0441\\u0442\\u0432\\u043e\",\"\\u041f\\u0440\\u043e\\u0444\\u0435\\u0441\\u0441\\u0438\\u044f\",\"\\u0414\\u043e\\u0445\\u043e\\u0434\\u044b\",\"\\u0414\\u043e\\u043b\\u0436\\u043d\\u043e\\u0441\\u0442\\u044c\",\"\\u0422\\u0430\\u0431\\u0435\\u043b\\u044c\\u043d\\u044b\\u0439 \\u043d\\u043e\\u043c\\u0435\\u0440\"]},\"\\u041f\\u0440\\u0438\\u043a\\u0430\\u0437 (\\u0440\\u0430\\u0441\\u043f\\u043e\\u0440\\u044f\\u0436\\u0435\\u043d\\u0438\\u0435) \\u043e \\u043f\\u0435\\u0440\\u0435\\u0432\\u043e\\u0434\\u0435 \\u0440\\u0430\\u0431\\u043e\\u0442\\u043d\\u0438\\u043a\\u0430 \\u043d\\u0430 \\u0434\\u0440\\u0443\\u0433\\u0443\\u044e \\u0440\\u0430\\u0431\\u043e\\u0442\\u0443 (\\u0424\\u043e\\u0440\\u043c\\u0430 N \\u0422-5)\":{\"name\":\"\\u041f\\u0440\\u0438\\u043a\\u0430\\u0437 (\\u0440\\u0430\\u0441\\u043f\\u043e\\u0440\\u044f\\u0436\\u0435\\u043d\\u0438\\u0435) \\u043e \\u043f\\u0435\\u0440\\u0435\\u0432\\u043e\\u0434\\u0435 \\u0440\\u0430\\u0431\\u043e\\u0442\\u043d\\u0438\\u043a\\u0430 \\u043d\\u0430 \\u0434\\u0440\\u0443\\u0433\\u0443\\u044e \\u0440\\u0430\\u0431\\u043e\\u0442\\u0443 (\\u0424\\u043e\\u0440\\u043c\\u0430 N \\u0422-5)\",\"place\":\"\",\"data\":[\"\\u0424\\u0430\\u043c\\u0438\\u043b\\u0438\\u044f, \\u0438\\u043c\\u044f, \\u043e\\u0442\\u0447\\u0435\\u0441\\u0442\\u0432\\u043e\",\"\\u041f\\u0440\\u043e\\u0444\\u0435\\u0441\\u0441\\u0438\\u044f\",\"\\u0414\\u043e\\u043b\\u0436\\u043d\\u043e\\u0441\\u0442\\u044c\",\"\\u0422\\u0430\\u0431\\u0435\\u043b\\u044c\\u043d\\u044b\\u0439 \\u043d\\u043e\\u043c\\u0435\\u0440\"]},\"\\u041f\\u0440\\u0438\\u043a\\u0430\\u0437 (\\u0440\\u0430\\u0441\\u043f\\u043e\\u0440\\u044f\\u0436\\u0435\\u043d\\u0438\\u0435) \\u043e \\u043f\\u0440\\u0435\\u0434\\u043e\\u0441\\u0442\\u0430\\u0432\\u043b\\u0435\\u043d\\u0438\\u0438 \\u043e\\u0442\\u043f\\u0443\\u0441\\u043a\\u0430 \\u0440\\u0430\\u0431\\u043e\\u0442\\u043d\\u0438\\u043a\\u0443 (\\u0424\\u043e\\u0440\\u043c\\u0430 N \\u0422-6)\":{\"name\":\"\\u041f\\u0440\\u0438\\u043a\\u0430\\u0437 (\\u0440\\u0430\\u0441\\u043f\\u043e\\u0440\\u044f\\u0436\\u0435\\u043d\\u0438\\u0435) \\u043e \\u043f\\u0440\\u0435\\u0434\\u043e\\u0441\\u0442\\u0430\\u0432\\u043b\\u0435\\u043d\\u0438\\u0438 \\u043e\\u0442\\u043f\\u0443\\u0441\\u043a\\u0430 \\u0440\\u0430\\u0431\\u043e\\u0442\\u043d\\u0438\\u043a\\u0443 (\\u0424\\u043e\\u0440\\u043c\\u0430 N \\u0422-6)\",\"place\":\"\",\"data\":[\"\\u0424\\u0430\\u043c\\u0438\\u043b\\u0438\\u044f, \\u0438\\u043c\\u044f, \\u043e\\u0442\\u0447\\u0435\\u0441\\u0442\\u0432\\u043e\",\"\\u041f\\u0440\\u043e\\u0444\\u0435\\u0441\\u0441\\u0438\\u044f\",\"\\u0414\\u043e\\u043b\\u0436\\u043d\\u043e\\u0441\\u0442\\u044c\",\"\\u0422\\u0430\\u0431\\u0435\\u043b\\u044c\\u043d\\u044b\\u0439 \\u043d\\u043e\\u043c\\u0435\\u0440\"]},\"\\u0413\\u0440\\u0430\\u0444\\u0438\\u043a \\u043e\\u0442\\u043f\\u0443\\u0441\\u043a\\u043e\\u0432 (\\u0424\\u043e\\u0440\\u043c\\u0430 N \\u0422-7)\":{\"name\":\"\\u0413\\u0440\\u0430\\u0444\\u0438\\u043a \\u043e\\u0442\\u043f\\u0443\\u0441\\u043a\\u043e\\u0432 (\\u0424\\u043e\\u0440\\u043c\\u0430 N \\u0422-7)\",\"place\":\"\",\"data\":[\"\\u0424\\u0430\\u043c\\u0438\\u043b\\u0438\\u044f, \\u0438\\u043c\\u044f, \\u043e\\u0442\\u0447\\u0435\\u0441\\u0442\\u0432\\u043e\",\"\\u041f\\u0440\\u043e\\u0444\\u0435\\u0441\\u0441\\u0438\\u044f\",\"\\u0414\\u043e\\u043b\\u0436\\u043d\\u043e\\u0441\\u0442\\u044c\",\"\\u0422\\u0430\\u0431\\u0435\\u043b\\u044c\\u043d\\u044b\\u0439 \\u043d\\u043e\\u043c\\u0435\\u0440\"]},\"\\u041f\\u0440\\u0438\\u043a\\u0430\\u0437 (\\u0440\\u0430\\u0441\\u043f\\u043e\\u0440\\u044f\\u0436\\u0435\\u043d\\u0438\\u0435) \\u043e \\u043f\\u0440\\u0435\\u043a\\u0440\\u0430\\u0449\\u0435\\u043d\\u0438\\u0438 \\u0434\\u0435\\u0439\\u0441\\u0442\\u0432\\u0438\\u044f \\u0442\\u0440\\u0443\\u0434\\u043e\\u0432\\u043e\\u0433\\u043e \\u0434\\u043e\\u0433\\u043e\\u0432\\u043e\\u0440\\u0430 (\\u043a\\u043e\\u043d\\u0442\\u0440\\u0430\\u043a\\u0442\\u0430) \\u0441 \\u0440\\u0430\\u0431\\u043e\\u0442\\u043d\\u0438\\u043a\\u043e\\u043c (\\u0424\\u043e\\u0440\\u043c\\u0430 N \\u0422-8)\":{\"name\":\"\\u041f\\u0440\\u0438\\u043a\\u0430\\u0437 (\\u0440\\u0430\\u0441\\u043f\\u043e\\u0440\\u044f\\u0436\\u0435\\u043d\\u0438\\u0435) \\u043e \\u043f\\u0440\\u0435\\u043a\\u0440\\u0430\\u0449\\u0435\\u043d\\u0438\\u0438 \\u0434\\u0435\\u0439\\u0441\\u0442\\u0432\\u0438\\u044f \\u0442\\u0440\\u0443\\u0434\\u043e\\u0432\\u043e\\u0433\\u043e \\u0434\\u043e\\u0433\\u043e\\u0432\\u043e\\u0440\\u0430 (\\u043a\\u043e\\u043d\\u0442\\u0440\\u0430\\u043a\\u0442\\u0430) \\u0441 \\u0440\\u0430\\u0431\\u043e\\u0442\\u043d\\u0438\\u043a\\u043e\\u043c (\\u0424\\u043e\\u0440\\u043c\\u0430 N \\u0422-8)\",\"place\":\"\",\"data\":[\"\\u0424\\u0430\\u043c\\u0438\\u043b\\u0438\\u044f, \\u0438\\u043c\\u044f, \\u043e\\u0442\\u0447\\u0435\\u0441\\u0442\\u0432\\u043e\",\"\\u041f\\u0440\\u043e\\u0444\\u0435\\u0441\\u0441\\u0438\\u044f\",\"\\u0414\\u043e\\u043b\\u0436\\u043d\\u043e\\u0441\\u0442\\u044c\",\"\\u0422\\u0430\\u0431\\u0435\\u043b\\u044c\\u043d\\u044b\\u0439 \\u043d\\u043e\\u043c\\u0435\\u0440\"]},\"\\u041f\\u0440\\u0438\\u043a\\u0430\\u0437 (\\u0440\\u0430\\u0441\\u043f\\u043e\\u0440\\u044f\\u0436\\u0435\\u043d\\u0438\\u0435) \\u043e \\u043d\\u0430\\u043f\\u0440\\u0430\\u0432\\u043b\\u0435\\u043d\\u0438\\u0438 \\u0440\\u0430\\u0431\\u043e\\u0442\\u043d\\u0438\\u043a\\u0430 \\u0432 \\u043a\\u043e\\u043c\\u0430\\u043d\\u0434\\u0438\\u0440\\u043e\\u0432\\u043a\\u0443 (\\u0424\\u043e\\u0440\\u043c\\u0430 N \\u0422-9)\":{\"name\":\"\\u041f\\u0440\\u0438\\u043a\\u0430\\u0437 (\\u0440\\u0430\\u0441\\u043f\\u043e\\u0440\\u044f\\u0436\\u0435\\u043d\\u0438\\u0435) \\u043e \\u043d\\u0430\\u043f\\u0440\\u0430\\u0432\\u043b\\u0435\\u043d\\u0438\\u0438 \\u0440\\u0430\\u0431\\u043e\\u0442\\u043d\\u0438\\u043a\\u0430 \\u0432 \\u043a\\u043e\\u043c\\u0430\\u043d\\u0434\\u0438\\u0440\\u043e\\u0432\\u043a\\u0443 (\\u0424\\u043e\\u0440\\u043c\\u0430 N \\u0422-9)\",\"place\":\"\",\"data\":[\"\\u0424\\u0430\\u043c\\u0438\\u043b\\u0438\\u044f, \\u0438\\u043c\\u044f, \\u043e\\u0442\\u0447\\u0435\\u0441\\u0442\\u0432\\u043e\",\"\\u041f\\u0440\\u043e\\u0444\\u0435\\u0441\\u0441\\u0438\\u044f\",\"\\u0414\\u043e\\u043b\\u0436\\u043d\\u043e\\u0441\\u0442\\u044c\",\"\\u0422\\u0430\\u0431\\u0435\\u043b\\u044c\\u043d\\u044b\\u0439 \\u043d\\u043e\\u043c\\u0435\\u0440\",\"\\u0410\\u0434\\u0440\\u0435\\u0441\"]},\"\\u0421\\u043b\\u0443\\u0436\\u0435\\u0431\\u043d\\u043e\\u0435 \\u0437\\u0430\\u0434\\u0430\\u043d\\u0438\\u0435 \\u0434\\u043b\\u044f \\u043d\\u0430\\u043f\\u0440\\u0430\\u0432\\u043b\\u0435\\u043d\\u0438\\u044f \\u0432 \\u043a\\u043e\\u043c\\u0430\\u043d\\u0434\\u0438\\u0440\\u043e\\u0432\\u043a\\u0443 \\u0438 \\u043e\\u0442\\u0447\\u0435\\u0442 \\u043e \\u0435\\u0433\\u043e \\u0432\\u044b\\u043f\\u043e\\u043b\\u043d\\u0435\\u043d\\u0438\\u0438 (\\u0424\\u043e\\u0440\\u043c\\u0430 N \\u0422-10\\u0430)\":{\"name\":\"\\u0421\\u043b\\u0443\\u0436\\u0435\\u0431\\u043d\\u043e\\u0435 \\u0437\\u0430\\u0434\\u0430\\u043d\\u0438\\u0435 \\u0434\\u043b\\u044f \\u043d\\u0430\\u043f\\u0440\\u0430\\u0432\\u043b\\u0435\\u043d\\u0438\\u044f \\u0432 \\u043a\\u043e\\u043c\\u0430\\u043d\\u0434\\u0438\\u0440\\u043e\\u0432\\u043a\\u0443 \\u0438 \\u043e\\u0442\\u0447\\u0435\\u0442 \\u043e \\u0435\\u0433\\u043e \\u0432\\u044b\\u043f\\u043e\\u043b\\u043d\\u0435\\u043d\\u0438\\u0438 (\\u0424\\u043e\\u0440\\u043c\\u0430 N \\u0422-10\\u0430)\",\"place\":\"\",\"data\":[\"\\u0424\\u0430\\u043c\\u0438\\u043b\\u0438\\u044f, \\u0438\\u043c\\u044f, \\u043e\\u0442\\u0447\\u0435\\u0441\\u0442\\u0432\\u043e\",\"\\u041f\\u0440\\u043e\\u0444\\u0435\\u0441\\u0441\\u0438\\u044f\",\"\\u0414\\u043e\\u043b\\u0436\\u043d\\u043e\\u0441\\u0442\\u044c\",\"\\u0422\\u0430\\u0431\\u0435\\u043b\\u044c\\u043d\\u044b\\u0439 \\u043d\\u043e\\u043c\\u0435\\u0440\",\"\\u0410\\u0434\\u0440\\u0435\\u0441\"]},\"\\u041f\\u0440\\u0438\\u043a\\u0430\\u0437 (\\u0440\\u0430\\u0441\\u043f\\u043e\\u0440\\u044f\\u0436\\u0435\\u043d\\u0438\\u0435) \\u043e \\u043f\\u043e\\u043e\\u0449\\u0440\\u0435\\u043d\\u0438\\u0438 \\u0440\\u0430\\u0431\\u043e\\u0442\\u043d\\u0438\\u043a\\u0430 (\\u0424\\u043e\\u0440\\u043c\\u0430 N \\u0422-11)\":{\"name\":\"\\u041f\\u0440\\u0438\\u043a\\u0430\\u0437 (\\u0440\\u0430\\u0441\\u043f\\u043e\\u0440\\u044f\\u0436\\u0435\\u043d\\u0438\\u0435) \\u043e \\u043f\\u043e\\u043e\\u0449\\u0440\\u0435\\u043d\\u0438\\u0438 \\u0440\\u0430\\u0431\\u043e\\u0442\\u043d\\u0438\\u043a\\u0430 (\\u0424\\u043e\\u0440\\u043c\\u0430 N \\u0422-11)\",\"place\":\"\",\"data\":[\"\\u0424\\u0430\\u043c\\u0438\\u043b\\u0438\\u044f, \\u0438\\u043c\\u044f, \\u043e\\u0442\\u0447\\u0435\\u0441\\u0442\\u0432\\u043e\",\"\\u041f\\u0440\\u043e\\u0444\\u0435\\u0441\\u0441\\u0438\\u044f\",\"\\u0414\\u043e\\u043b\\u0436\\u043d\\u043e\\u0441\\u0442\\u044c\",\"\\u0422\\u0430\\u0431\\u0435\\u043b\\u044c\\u043d\\u044b\\u0439 \\u043d\\u043e\\u043c\\u0435\\u0440\"]},\"\\u0422\\u0430\\u0431\\u0435\\u043b\\u044c \\u0443\\u0447\\u0435\\u0442\\u0430 \\u0438\\u0441\\u043f\\u043e\\u043b\\u044c\\u0437\\u043e\\u0432\\u0430\\u043d\\u0438\\u044f \\u0440\\u0430\\u0431\\u043e\\u0447\\u0435\\u0433\\u043e \\u0432\\u0440\\u0435\\u043c\\u0435\\u043d\\u0438 (\\u0424\\u043e\\u0440\\u043c\\u0430 N \\u0422-13)\":{\"name\":\"\\u0422\\u0430\\u0431\\u0435\\u043b\\u044c \\u0443\\u0447\\u0435\\u0442\\u0430 \\u0438\\u0441\\u043f\\u043e\\u043b\\u044c\\u0437\\u043e\\u0432\\u0430\\u043d\\u0438\\u044f \\u0440\\u0430\\u0431\\u043e\\u0447\\u0435\\u0433\\u043e \\u0432\\u0440\\u0435\\u043c\\u0435\\u043d\\u0438 (\\u0424\\u043e\\u0440\\u043c\\u0430 N \\u0422-13)\",\"place\":\"\",\"data\":[\"\\u0424\\u0430\\u043c\\u0438\\u043b\\u0438\\u044f, \\u0438\\u043c\\u044f, \\u043e\\u0442\\u0447\\u0435\\u0441\\u0442\\u0432\\u043e\",\"\\u041f\\u0440\\u043e\\u0444\\u0435\\u0441\\u0441\\u0438\\u044f\",\"\\u0414\\u043e\\u043b\\u0436\\u043d\\u043e\\u0441\\u0442\\u044c\",\"\\u0422\\u0430\\u0431\\u0435\\u043b\\u044c\\u043d\\u044b\\u0439 \\u043d\\u043e\\u043c\\u0435\\u0440\"]},\"\\u0420\\u0430\\u0441\\u0447\\u0435\\u0442\\u043d\\u0430\\u044f \\u0432\\u0435\\u0434\\u043e\\u043c\\u043e\\u0441\\u0442\\u044c (\\u0424\\u043e\\u0440\\u043c\\u0430 N \\u0422-51)\":{\"name\":\"\\u0420\\u0430\\u0441\\u0447\\u0435\\u0442\\u043d\\u0430\\u044f \\u0432\\u0435\\u0434\\u043e\\u043c\\u043e\\u0441\\u0442\\u044c (\\u0424\\u043e\\u0440\\u043c\\u0430 N \\u0422-51)\",\"place\":\"\",\"data\":[\"\\u0424\\u0430\\u043c\\u0438\\u043b\\u0438\\u044f, \\u0438\\u043c\\u044f, \\u043e\\u0442\\u0447\\u0435\\u0441\\u0442\\u0432\\u043e\",\"\\u041f\\u0440\\u043e\\u0444\\u0435\\u0441\\u0441\\u0438\\u044f\",\"\\u0414\\u043e\\u0445\\u043e\\u0434\\u044b\",\"\\u041d\\u0430\\u043b\\u043e\\u0433\\u043e\\u0432\\u044b\\u0435 \\u0432\\u044b\\u0447\\u0435\\u0442\\u044b\",\"\\u0414\\u043e\\u043b\\u0436\\u043d\\u043e\\u0441\\u0442\\u044c\",\"\\u0422\\u0430\\u0431\\u0435\\u043b\\u044c\\u043d\\u044b\\u0439 \\u043d\\u043e\\u043c\\u0435\\u0440\"]},\"\\u0417\\u0430\\u043f\\u0438\\u0441\\u043a\\u0430-\\u0440\\u0430\\u0441\\u0447\\u0435\\u0442 \\u043e \\u043f\\u0440\\u0435\\u0434\\u043e\\u0441\\u0442\\u0430\\u0432\\u043b\\u0435\\u043d\\u0438\\u0438 \\u043e\\u0442\\u043f\\u0443\\u0441\\u043a\\u0430 \\u0440\\u0430\\u0431\\u043e\\u0442\\u043d\\u0438\\u043a\\u0443 (\\u0424\\u043e\\u0440\\u043c\\u0430 N \\u0422-60)\":{\"name\":\"\\u0417\\u0430\\u043f\\u0438\\u0441\\u043a\\u0430-\\u0440\\u0430\\u0441\\u0447\\u0435\\u0442 \\u043e \\u043f\\u0440\\u0435\\u0434\\u043e\\u0441\\u0442\\u0430\\u0432\\u043b\\u0435\\u043d\\u0438\\u0438 \\u043e\\u0442\\u043f\\u0443\\u0441\\u043a\\u0430 \\u0440\\u0430\\u0431\\u043e\\u0442\\u043d\\u0438\\u043a\\u0443 (\\u0424\\u043e\\u0440\\u043c\\u0430 N \\u0422-60)\",\"place\":\"\",\"data\":[\"\\u0424\\u0430\\u043c\\u0438\\u043b\\u0438\\u044f, \\u0438\\u043c\\u044f, \\u043e\\u0442\\u0447\\u0435\\u0441\\u0442\\u0432\\u043e\",\"\\u041f\\u0440\\u043e\\u0444\\u0435\\u0441\\u0441\\u0438\\u044f\",\"\\u0414\\u043e\\u043b\\u0436\\u043d\\u043e\\u0441\\u0442\\u044c\",\"\\u0422\\u0430\\u0431\\u0435\\u043b\\u044c\\u043d\\u044b\\u0439 \\u043d\\u043e\\u043c\\u0435\\u0440\"]},\"\\u0417\\u0430\\u043f\\u0438\\u0441\\u043a\\u0430-\\u0440\\u0430\\u0441\\u0447\\u0435\\u0442 \\u043f\\u0440\\u0438 \\u043f\\u0440\\u0435\\u043a\\u0440\\u0430\\u0449\\u0435\\u043d\\u0438\\u0438 \\u0434\\u0435\\u0439\\u0441\\u0442\\u0432\\u0438\\u044f \\u0442\\u0440\\u0443\\u0434\\u043e\\u0432\\u043e\\u0433\\u043e \\u0434\\u043e\\u0433\\u043e\\u0432\\u043e\\u0440\\u0430 (\\u043a\\u043e\\u043d\\u0442\\u0440\\u0430\\u043a\\u0442\\u0430) \\u0441 \\u0440\\u0430\\u0431\\u043e\\u0442\\u043d\\u0438\\u043a\\u043e\\u043c (\\u0424\\u043e\\u0440\\u043c\\u0430 N \\u0422-61)\":{\"name\":\"\\u0417\\u0430\\u043f\\u0438\\u0441\\u043a\\u0430-\\u0440\\u0430\\u0441\\u0447\\u0435\\u0442 \\u043f\\u0440\\u0438 \\u043f\\u0440\\u0435\\u043a\\u0440\\u0430\\u0449\\u0435\\u043d\\u0438\\u0438 \\u0434\\u0435\\u0439\\u0441\\u0442\\u0432\\u0438\\u044f \\u0442\\u0440\\u0443\\u0434\\u043e\\u0432\\u043e\\u0433\\u043e \\u0434\\u043e\\u0433\\u043e\\u0432\\u043e\\u0440\\u0430 (\\u043a\\u043e\\u043d\\u0442\\u0440\\u0430\\u043a\\u0442\\u0430) \\u0441 \\u0440\\u0430\\u0431\\u043e\\u0442\\u043d\\u0438\\u043a\\u043e\\u043c (\\u0424\\u043e\\u0440\\u043c\\u0430 N \\u0422-61)\",\"place\":\"\",\"data\":[\"\\u0424\\u0430\\u043c\\u0438\\u043b\\u0438\\u044f, \\u0438\\u043c\\u044f, \\u043e\\u0442\\u0447\\u0435\\u0441\\u0442\\u0432\\u043e\",\"\\u041f\\u0440\\u043e\\u0444\\u0435\\u0441\\u0441\\u0438\\u044f\",\"\\u0414\\u043e\\u043b\\u0436\\u043d\\u043e\\u0441\\u0442\\u044c\",\"\\u0422\\u0430\\u0431\\u0435\\u043b\\u044c\\u043d\\u044b\\u0439 \\u043d\\u043e\\u043c\\u0435\\u0440\"]},\"\\u0422\\u0440\\u0443\\u0434\\u043e\\u0432\\u043e\\u0439 \\u0434\\u043e\\u0433\\u043e\\u0432\\u043e\\u0440\":{\"name\":\"\\u0422\\u0440\\u0443\\u0434\\u043e\\u0432\\u043e\\u0439 \\u0434\\u043e\\u0433\\u043e\\u0432\\u043e\\u0440\",\"individuals\":[\"\\u0420\\u0430\\u0431\\u043e\\u0442\\u043d\\u0438\\u043a\\u0438\"],\"place\":\"\\u043a\\u0430\\u0431. 303\",\"data\":[\"\\u0424\\u0430\\u043c\\u0438\\u043b\\u0438\\u044f, \\u0438\\u043c\\u044f, \\u043e\\u0442\\u0447\\u0435\\u0441\\u0442\\u0432\\u043e\",\"\\u0422\\u0438\\u043f, \\u0441\\u0435\\u0440\\u0438\\u044f \\u0438 \\u043d\\u043e\\u043c\\u0435\\u0440 \\u0434\\u043e\\u043a\\u0443\\u043c\\u0435\\u043d\\u0442\\u0430, \\u0443\\u0434\\u043e\\u0441\\u0442\\u043e\\u0432\\u0435\\u0440\\u044f\\u044e\\u0449\\u0435\\u0433\\u043e \\u043b\\u0438\\u0447\\u043d\\u043e\\u0441\\u0442\\u044c\",\"\\u0414\\u0430\\u0442\\u0430 \\u0432\\u044b\\u0434\\u0430\\u0447\\u0438 \\u0434\\u043e\\u043a\\u0443\\u043c\\u0435\\u043d\\u0442\\u0430, \\u0443\\u0434\\u043e\\u0441\\u0442\\u043e\\u0432\\u0435\\u0440\\u044f\\u044e\\u0449\\u0435\\u0433\\u043e \\u043b\\u0438\\u0447\\u043d\\u043e\\u0441\\u0442\\u044c, \\u0438 \\u0438\\u043d\\u0444\\u043e\\u0440\\u043c\\u0430\\u0446\\u0438\\u044f \\u043e \\u0432\\u044b\\u0434\\u0430\\u0432\\u0448\\u0435\\u043c \\u0435\\u0433\\u043e \\u043e\\u0440\\u0433\\u0430\\u043d\\u0435\",\"\\u0414\\u0430\\u0442\\u0430 \\u0440\\u043e\\u0436\\u0434\\u0435\\u043d\\u0438\\u044f\",\"\\u041c\\u0435\\u0441\\u0442\\u043e \\u0440\\u043e\\u0436\\u0434\\u0435\\u043d\\u0438\\u044f\",\"\\u0410\\u0434\\u0440\\u0435\\u0441 \\u0440\\u0435\\u0433\\u0438\\u0441\\u0442\\u0440\\u0430\\u0446\\u0438\\u0438\",\"\\u041d\\u043e\\u043c\\u0435\\u0440 \\u043a\\u043e\\u043d\\u0442\\u0430\\u043a\\u0442\\u043d\\u043e\\u0433\\u043e \\u0442\\u0435\\u043b\\u0435\\u0444\\u043e\\u043d\\u0430\",\"\\u0418\\u0434\\u0435\\u043d\\u0442\\u0438\\u0444\\u0438\\u043a\\u0430\\u0446\\u0438\\u043e\\u043d\\u043d\\u044b\\u0439 \\u043d\\u043e\\u043c\\u0435\\u0440 \\u043d\\u0430\\u043b\\u043e\\u0433\\u043e\\u043f\\u043b\\u0430\\u0442\\u0435\\u043b\\u044c\\u0449\\u0438\\u043a\\u0430\",\"\\u041d\\u043e\\u043c\\u0435\\u0440 \\u0441\\u0442\\u0440\\u0430\\u0445\\u043e\\u0432\\u043e\\u0433\\u043e \\u0441\\u0432\\u0438\\u0434\\u0435\\u0442\\u0435\\u043b\\u044c\\u0441\\u0442\\u0432\\u0430 \\u0433\\u043e\\u0441\\u0443\\u0434\\u0430\\u0440\\u0441\\u0442\\u0432\\u0435\\u043d\\u043d\\u043e\\u0433\\u043e \\u043f\\u0435\\u043d\\u0441\\u0438\\u043e\\u043d\\u043d\\u043e\\u0433\\u043e \\u0441\\u0442\\u0440\\u0430\\u0445\\u043e\\u0432\\u0430\\u043d\\u0438\\u044f\"]},\"\\u0416\\u0443\\u0440\\u043d\\u0430\\u043b \\u043a\\u043e\\u043d\\u0442\\u0440\\u043e\\u043b\\u044c\\u043d\\u043e-\\u043f\\u0440\\u043e\\u043f\\u0443\\u0441\\u043a\\u043d\\u043e\\u0433\\u043e \\u043f\\u0443\\u043d\\u043a\\u0442\\u0430\":{\"name\":\"\\u0416\\u0443\\u0440\\u043d\\u0430\\u043b \\u043a\\u043e\\u043d\\u0442\\u0440\\u043e\\u043b\\u044c\\u043d\\u043e-\\u043f\\u0440\\u043e\\u043f\\u0443\\u0441\\u043a\\u043d\\u043e\\u0433\\u043e \\u043f\\u0443\\u043d\\u043a\\u0442\\u0430\",\"individuals\":[\"\\u0420\\u0430\\u0431\\u043e\\u0442\\u043d\\u0438\\u043a\\u0438\",\"\\u0421\\u043e\\u0438\\u0441\\u043a\\u0430\\u0442\\u0435\\u043b\\u0438 \\u0432\\u0430\\u043a\\u0430\\u043d\\u0442\\u043d\\u044b\\u0445 \\u043c\\u0435\\u0441\\u0442\"],\"place\":\"\\u041a\\u041f\\u041f\",\"data\":[\"\\u0424\\u0430\\u043c\\u0438\\u043b\\u0438\\u044f, \\u0438\\u043c\\u044f, \\u043e\\u0442\\u0447\\u0435\\u0441\\u0442\\u0432\\u043e\",\"\\u0422\\u0438\\u043f, \\u0441\\u0435\\u0440\\u0438\\u044f \\u0438 \\u043d\\u043e\\u043c\\u0435\\u0440 \\u0434\\u043e\\u043a\\u0443\\u043c\\u0435\\u043d\\u0442\\u0430, \\u0443\\u0434\\u043e\\u0441\\u0442\\u043e\\u0432\\u0435\\u0440\\u044f\\u044e\\u0449\\u0435\\u0433\\u043e \\u043b\\u0438\\u0447\\u043d\\u043e\\u0441\\u0442\\u044c\"]}}');

-- --------------------------------------------------------

--
-- Структура таблицы `company_individuals`
--

DROP TABLE IF EXISTS `company_individuals`;
CREATE TABLE `company_individuals` (
  `id` int(11) DEFAULT NULL,
  `name` text,
  `company_id` int(11) DEFAULT NULL,
  `targets` text NOT NULL,
  `third_party` text NOT NULL COMMENT 'третьи стороны',
  `allow_world` tinyint(1) NOT NULL DEFAULT '0' COMMENT 'данные передаются в другие страны',
  `countries` text NOT NULL COMMENT 'страны'
) ENGINE=InnoDB DEFAULT CHARSET=utf8 COMMENT='типы физических лиц, персональные данные которых используются.';

--
-- Дамп данных таблицы `company_individuals`
--

INSERT INTO `company_individuals` (`id`, `name`, `company_id`, `targets`, `third_party`, `allow_world`, `countries`) VALUES
(1, 'Работники', 1, '[\"\\u0412\\u0435\\u0434\\u0435\\u043d\\u0438\\u0435 \\u043a\\u0430\\u0434\\u0440\\u043e\\u0432\\u043e\\u0433\\u043e \\u0443\\u0447\\u0435\\u0442\\u0430\",\"\\u0417\\u0430\\u043a\\u043b\\u044e\\u0447\\u0435\\u043d\\u0438\\u0435 \\u0438 \\u0438\\u0441\\u043f\\u043e\\u043b\\u043d\\u0435\\u043d\\u0438\\u0435 \\u0434\\u043e\\u0433\\u043e\\u0432\\u043e\\u0440\\u043e\\u0432\",\"\\u0412\\u044b\\u043f\\u043b\\u0430\\u0442\\u0430 \\u043b\\u044c\\u0433\\u043e\\u0442\",\"\\u041a\\u043e\\u043d\\u0442\\u0440\\u043e\\u043b\\u044c \\u043a\\u043e\\u043b\\u0438\\u0447\\u0435\\u0441\\u0442\\u0432\\u0430 \\u0438 \\u043a\\u0430\\u0447\\u0435\\u0441\\u0442\\u0432\\u0430 \\u0432\\u044b\\u043f\\u043e\\u043b\\u043d\\u044f\\u0435\\u043c\\u043e\\u0439 \\u0440\\u0430\\u0431\\u043e\\u0442\\u044b\",\"\\u041a\\u043e\\u043d\\u0442\\u0440\\u043e\\u043b\\u044c \\u0441\\u043e\\u0431\\u043b\\u044e\\u0434\\u0435\\u043d\\u0438\\u044f \\u043d\\u043e\\u0440\\u043c \\u043f\\u043e \\u043e\\u0445\\u0440\\u0430\\u043d\\u0435 \\u0442\\u0440\\u0443\\u0434\\u0430, \\u043b\\u0438\\u0447\\u043d\\u043e\\u0439 \\u0431\\u0435\\u0437\\u043e\\u043f\\u0430\\u0441\\u043d\\u043e\\u0441\\u0442\\u0438 \\u0438 \\u0441\\u043e\\u0445\\u0440\\u0430\\u043d\\u043d\\u043e\\u0441\\u0442\\u0438 \\u0438\\u043c\\u0443\\u0449\\u0435\\u0441\\u0442\\u0432\\u0430\",\"\\u041e\\u0442\\u0447\\u0438\\u0441\\u043b\\u0435\\u043d\\u0438\\u0435 \\u0441\\u0442\\u0440\\u0430\\u0445\\u043e\\u0432\\u044b\\u0445 \\u0432\\u0437\\u043d\\u043e\\u0441\\u043e\\u0432  \\u0432 \\u041f\\u0424\\u0420, \\u0424\\u0421\\u0421, \\u0424\\u041e\\u041c\\u0421 \\u0438 \\u0438\\u043d\\u044b\\u0435 \\u043e\\u0440\\u0433\\u0430\\u043d\\u044b\",\"\\u0412\\u0435\\u0434\\u0435\\u043d\\u0438\\u0435 \\u0431\\u0443\\u0445\\u0433\\u0430\\u043b\\u0442\\u0435\\u0440\\u0441\\u043a\\u043e\\u0433\\u043e \\u0443\\u0447\\u0435\\u0442\\u0430\",\"\\u0421\\u0442\\u0440\\u0430\\u0445\\u043e\\u0432\\u0430\\u043d\\u0438\\u0435 \\u043f\\u043e \\u043f\\u0440\\u043e\\u0433\\u0440\\u0430\\u043c\\u043c\\u0435 \\u0414\\u041c\\u0421\",\"456\"]', '[\"\\u0413\\u043e\\u0441\\u0443\\u0434\\u0430\\u0440\\u0441\\u0442\\u0432\\u0435\\u043d\\u043d\\u044b\\u0435 \\u043e\\u0440\\u0433\\u0430\\u043d\\u044b (\\u041f\\u0424\\u0420, \\u0424\\u041d\\u0421, \\u0424\\u0421\\u0421 \\u0438 \\u0434\\u0440.) \",\"\\u0411\\u0430\\u043d\\u043a (\\u0432 \\u0440\\u0430\\u043c\\u043a\\u0430\\u0445 \\u0437\\u0430\\u0440\\u043f\\u043b\\u0430\\u0442\\u043d\\u043e\\u0433\\u043e \\u043f\\u0440\\u043e\\u0435\\u043a\\u0442\\u0430)\"]', 1, '[\"1\\r\",\"3\\r\",\"4\\r\",\"5\"]'),
(3, 'Соискатели вакантных мест', 1, '[\"\\u041f\\u0440\\u0438\\u0435\\u043c \\u0440\\u0435\\u0448\\u0435\\u043d\\u0438\\u044f \\u043e \\u043f\\u0440\\u0438\\u0435\\u043c\\u0435 \\u043d\\u0430 \\u0440\\u0430\\u0431\\u043e\\u0442\\u0443 \\u0438\\u043b\\u0438 \\u043e\\u0431 \\u043e\\u0442\\u043a\\u0430\\u0437\\u0435\"]', '', 0, ''),
(4, 'Клиенты', 1, '[\"\\u041e\\u0441\\u0443\\u0449\\u0435\\u0441\\u0442\\u0432\\u043b\\u0435\\u043d\\u0438\\u0435 \\u0434\\u0435\\u044f\\u0442\\u0435\\u043b\\u044c\\u043d\\u043e\\u0441\\u0442\\u0438, \\u0432 \\u0441\\u043e\\u043e\\u0442\\u0432\\u0435\\u0442\\u0441\\u0442\\u0432\\u0438\\u0438 \\u0441 \\u0443\\u0447\\u0440\\u0435\\u0434\\u0438\\u0442\\u0435\\u043b\\u044c\\u043d\\u044b\\u043c\\u0438 \\u0434\\u043e\\u043a\\u0443\\u043c\\u0435\\u043d\\u0442\\u0430\\u043c\\u0438\",\"\\u0417\\u0430\\u043a\\u043b\\u044e\\u0447\\u0435\\u043d\\u0438\\u0435 \\u0438 \\u0438\\u0441\\u043f\\u043e\\u043b\\u043d\\u0435\\u043d\\u0438\\u0435 \\u0434\\u043e\\u0433\\u043e\\u0432\\u043e\\u0440\\u043e\\u0432\"]', '', 0, ''),
(5, 'Работники контрагента', 1, '[\"\\u041e\\u0441\\u0443\\u0449\\u0435\\u0441\\u0442\\u0432\\u043b\\u0435\\u043d\\u0438\\u0435 \\u0434\\u0435\\u044f\\u0442\\u0435\\u043b\\u044c\\u043d\\u043e\\u0441\\u0442\\u0438, \\u0432 \\u0441\\u043e\\u043e\\u0442\\u0432\\u0435\\u0442\\u0441\\u0442\\u0432\\u0438\\u0438 \\u0441 \\u0443\\u0447\\u0440\\u0435\\u0434\\u0438\\u0442\\u0435\\u043b\\u044c\\u043d\\u044b\\u043c\\u0438 \\u0434\\u043e\\u043a\\u0443\\u043c\\u0435\\u043d\\u0442\\u0430\\u043c\\u0438\",\"\\u0417\\u0430\\u043a\\u043b\\u044e\\u0447\\u0435\\u043d\\u0438\\u0435 \\u0438 \\u0438\\u0441\\u043f\\u043e\\u043b\\u043d\\u0435\\u043d\\u0438\\u0435 \\u0434\\u043e\\u0433\\u043e\\u0432\\u043e\\u0440\\u043e\\u0432\"]', '', 0, '');

-- --------------------------------------------------------

--
-- Структура таблицы `company_program`
--

DROP TABLE IF EXISTS `company_program`;
CREATE TABLE `company_program` (
  `company_id` int(11) DEFAULT NULL,
  `json_data` text
) ENGINE=InnoDB DEFAULT CHARSET=utf8 COMMENT='Компьютерные программы';

-- --------------------------------------------------------

--
-- Структура таблицы `company_type`
--

DROP TABLE IF EXISTS `company_type`;
CREATE TABLE `company_type` (
  `id` int(11) NOT NULL,
  `name` varchar(255) DEFAULT NULL
) ENGINE=InnoDB DEFAULT CHARSET=utf8 COMMENT='Типы Юридического лица';

--
-- Дамп данных таблицы `company_type`
--

INSERT INTO `company_type` (`id`, `name`) VALUES
(1, 'Юридическое лицо'),
(2, 'Индивидуальный предприниматель'),
(3, 'Государственный орган'),
(4, 'Муниципальный орган');

-- --------------------------------------------------------

--
-- Структура таблицы `individuals`
--

DROP TABLE IF EXISTS `individuals`;
CREATE TABLE `individuals` (
  `id` int(11) NOT NULL,
  `title` text NOT NULL
) ENGINE=InnoDB DEFAULT CHARSET=utf8 COMMENT='Типы физических лиц';

--
-- Дамп данных таблицы `individuals`
--

INSERT INTO `individuals` (`id`, `title`) VALUES
(1, 'Работники'),
(2, 'Сотрудники по договорам подряда'),
(3, 'Соискатели вакантных мест'),
(4, 'Клиенты'),
(5, 'Работники контрагента'),
(6, 'Клиенты контрагента'),
(7, 'Посетители');

-- --------------------------------------------------------

--
-- Структура таблицы `individual_targets`
--

DROP TABLE IF EXISTS `individual_targets`;
CREATE TABLE `individual_targets` (
  `individual_id` int(11) DEFAULT NULL,
  `target_id` int(11) DEFAULT NULL,
  `default` tinyint(1) NOT NULL DEFAULT '0'
) ENGINE=InnoDB DEFAULT CHARSET=utf8 COMMENT='Цели для типов физ лиц';

--
-- Дамп данных таблицы `individual_targets`
--

INSERT INTO `individual_targets` (`individual_id`, `target_id`, `default`) VALUES
(1, 1, 1),
(1, 2, 1),
(1, 3, 1),
(1, 4, 1),
(1, 5, 1),
(1, 6, 1),
(1, 7, 0),
(1, 8, 0),
(1, 9, 0),
(1, 10, 0),
(1, 11, 0),
(1, 12, 0),
(1, 13, 1),
(3, 14, 1),
(3, 15, 0),
(4, 13, 1),
(4, 16, 1),
(4, 17, 0),
(4, 18, 0),
(5, 13, 1),
(5, 16, 1),
(6, 13, 1),
(6, 16, 1),
(7, 17, 0),
(7, 18, 0),
(7, 19, 0),
(2, 13, 1);

-- --------------------------------------------------------

--
-- Структура таблицы `program_data`
--

DROP TABLE IF EXISTS `program_data`;
CREATE TABLE `program_data` (
  `id` int(11) NOT NULL,
  `name` text
) ENGINE=InnoDB DEFAULT CHARSET=utf8 COMMENT='Данные в программах';

--
-- Дамп данных таблицы `program_data`
--

INSERT INTO `program_data` (`id`, `name`) VALUES
(1, 'Фамилия, имя, отчество'),
(2, 'Тип, серия и номер документа, удостоверяющего личность'),
(3, 'Дата выдачи документа, удостоверяющего личность, и информация о выдавшем его органе'),
(4, 'Дата рождения'),
(5, 'Место рождения'),
(6, 'Адрес регистрации'),
(7, 'Номер контактного телефона'),
(8, 'Адрес электронной почты'),
(9, 'Идентификационный номер налогоплательщика'),
(10, 'Номер страхового свидетельства государственного пенсионного страхования'),
(11, 'Семейное положение'),
(12, 'Состояние здоровья'),
(13, 'Данные о зрении'),
(14, 'Национальная принадлежность'),
(15, 'Расовая принадлежность'),
(16, 'Фотография'),
(17, 'Дактилоскопические данные'),
(18, 'Образование'),
(19, 'Профессия'),
(20, 'Доходы'),
(21, 'Страховые взносы на ОПС'),
(22, 'Страховые взносы на ОМС'),
(23, 'Налоговые вычеты'),
(24, 'Льготные выплаты'),
(25, 'Выход на пенсию'),
(26, 'Дополнительные страховые взносы на накопительную часть пенсии'),
(27, 'Временная нетрудоспособность'),
(28, 'Должность'),
(29, 'Табельный номер'),
(30, 'Трудовой стаж'),
(31, 'Ученая степень, звание'),
(32, 'Научно-педагогический стаж'),
(33, 'Сведения о воинском учете'),
(34, 'Сведения о пребывании за границей'),
(35, 'Имущественное положение'),
(36, 'Социальное положение'),
(37, 'Религиозные убеждения'),
(38, 'Данные о социальных льготах'),
(39, 'Данные полиса ОМС'),
(40, 'Политические взгляды'),
(41, 'Философские убеждения'),
(42, 'Состояние интимной жизни'),
(43, 'Сведения о приобретенных товарах'),
(44, 'Сведения об оказанных услугах');

-- --------------------------------------------------------

--
-- Структура таблицы `targets`
--

DROP TABLE IF EXISTS `targets`;
CREATE TABLE `targets` (
  `id` int(11) NOT NULL,
  `title` text
) ENGINE=InnoDB DEFAULT CHARSET=utf8 COMMENT='цели получения данных';

--
-- Дамп данных таблицы `targets`
--

INSERT INTO `targets` (`id`, `title`) VALUES
(1, 'Ведение кадрового учета'),
(2, 'Ведение бухгалтерского учета'),
(3, 'Отчисление страховых взносов  в ПФР, ФСС, ФОМС и иные органы'),
(4, 'Контроль соблюдения норм по охране труда, личной безопасности и сохранности имущества'),
(5, 'Контроль количества и качества выполняемой работы'),
(6, 'Выплата льгот'),
(7, 'Оформление зарплатных карт'),
(8, 'Страхование по программе ДМС'),
(9, 'Отчисление страховых взносов в НПФ'),
(10, 'Обеспечение пропускного режима'),
(11, 'Организация обучения работников'),
(12, 'Публикация данных на сайте организации, внутренних справочниках'),
(13, 'Заключение и исполнение договоров'),
(14, 'Прием решения о приеме на работу или об отказе'),
(15, 'Ведение кадрового резерва'),
(16, 'Осуществление деятельности, в соответствии с учредительными документами'),
(17, 'Информирование о новых товарах/услугах, специальных акциях и предложениях'),
(18, 'Оформление дисконтных карт'),
(19, 'Обеспечение пропускного режима');

-- --------------------------------------------------------

--
-- Структура таблицы `third_parties`
--

DROP TABLE IF EXISTS `third_parties`;
CREATE TABLE `third_parties` (
  `id` int(11) NOT NULL,
  `title` text NOT NULL,
  `is_default` tinyint(1) NOT NULL DEFAULT '0'
) ENGINE=InnoDB DEFAULT CHARSET=utf8 COMMENT='Третьи стороны';

--
-- Дамп данных таблицы `third_parties`
--

INSERT INTO `third_parties` (`id`, `title`, `is_default`) VALUES
(1, 'Государственные органы (ПФР, ФНС, ФСС и др.) ', 1),
(2, 'Банк (в рамках зарплатного проекта)', 0),
(3, 'Страховая компания (в рамках программы ДМС)', 0),
(4, 'Компании пассажирских грузоперевозок и гостиницы (в рамках организации командировок)', 0);

--
-- Индексы сохранённых таблиц
--

--
-- Индексы таблицы `carriers`
--
ALTER TABLE `carriers`
  ADD PRIMARY KEY (`id`);

--
-- Индексы таблицы `carriers_data_default`
--
ALTER TABLE `carriers_data_default`
  ADD PRIMARY KEY (`carrier_id`,`data_id`);

--
-- Индексы таблицы `carrier_data`
--
ALTER TABLE `carrier_data`
  ADD PRIMARY KEY (`id`);

--
-- Индексы таблицы `company`
--
ALTER TABLE `company`
  ADD PRIMARY KEY (`id`);

--
-- Индексы таблицы `company_type`
--
ALTER TABLE `company_type`
  ADD PRIMARY KEY (`id`);

--
-- Индексы таблицы `individuals`
--
ALTER TABLE `individuals`
  ADD PRIMARY KEY (`id`);

--
-- Индексы таблицы `program_data`
--
ALTER TABLE `program_data`
  ADD PRIMARY KEY (`id`);

--
-- Индексы таблицы `targets`
--
ALTER TABLE `targets`
  ADD PRIMARY KEY (`id`);

--
-- Индексы таблицы `third_parties`
--
ALTER TABLE `third_parties`
  ADD PRIMARY KEY (`id`);

--
-- AUTO_INCREMENT для сохранённых таблиц
--

--
-- AUTO_INCREMENT для таблицы `carriers`
--
ALTER TABLE `carriers`
  MODIFY `id` int(11) NOT NULL AUTO_INCREMENT, AUTO_INCREMENT=23;

--
-- AUTO_INCREMENT для таблицы `carrier_data`
--
ALTER TABLE `carrier_data`
  MODIFY `id` int(11) NOT NULL AUTO_INCREMENT, AUTO_INCREMENT=46;

--
-- AUTO_INCREMENT для таблицы `company`
--
ALTER TABLE `company`
  MODIFY `id` int(11) NOT NULL AUTO_INCREMENT, AUTO_INCREMENT=2;

--
-- AUTO_INCREMENT для таблицы `company_type`
--
ALTER TABLE `company_type`
  MODIFY `id` int(11) NOT NULL AUTO_INCREMENT, AUTO_INCREMENT=5;

--
-- AUTO_INCREMENT для таблицы `individuals`
--
ALTER TABLE `individuals`
  MODIFY `id` int(11) NOT NULL AUTO_INCREMENT, AUTO_INCREMENT=8;

--
-- AUTO_INCREMENT для таблицы `program_data`
--
ALTER TABLE `program_data`
  MODIFY `id` int(11) NOT NULL AUTO_INCREMENT, AUTO_INCREMENT=45;

--
-- AUTO_INCREMENT для таблицы `targets`
--
ALTER TABLE `targets`
  MODIFY `id` int(11) NOT NULL AUTO_INCREMENT, AUTO_INCREMENT=20;

--
-- AUTO_INCREMENT для таблицы `third_parties`
--
ALTER TABLE `third_parties`
  MODIFY `id` int(11) NOT NULL AUTO_INCREMENT, AUTO_INCREMENT=5;
COMMIT;

/*!40101 SET CHARACTER_SET_CLIENT=@OLD_CHARACTER_SET_CLIENT */;
/*!40101 SET CHARACTER_SET_RESULTS=@OLD_CHARACTER_SET_RESULTS */;
/*!40101 SET COLLATION_CONNECTION=@OLD_COLLATION_CONNECTION */;
